index,region,reqhospit,travtimesfrombases,travttonearesth,onsitetime,traveltfromhtobases,inqueue,time_request,response_time,timetoHospital,finishedService,servedbyAmbIndex
4113,8,1,"[46.467, 39.833, 62.467, 24.567, 72.883]",24.567,60.0,"[61.883, 39.417, 62.75, 0.0, 83.917]",false,36.97,65.537,0.0,125.537,76
4114,8,1,"[51.583, 66.483, 74.983, 94.967, 23.933]",23.933,60.0,"[41.0, 55.25, 63.75, 82.133, 0.0]",false,49.19,77.12299999999999,161.05599999999998,161.05599999999998,77
649,2,0,"[15.65, 48.917, 46.083]",15.65,60.0,"[0.0, 43.117, 55.283]",false,72.73,92.38,0.0,152.38,12
4115,8,1,"[42.867, 33.3, 58.1, 23.55, 69.3]",23.55,60.0,"[61.883, 39.417, 62.75, 0.0, 83.917]",false,90.58,127.88,211.43,250.847,72
2833,6,0,"[28.317, 43.867]",28.317,60.0,"[0.0, 46.183]",false,96.84,129.157,0.0,189.157,44
1,1,0,"[23.3, 34.0, 49.4, 7.25, 37.217]",7.25,60.0,"[18.617, 29.283, 44.167, 0.0, 39.4]",false,98.23,109.48,0.0,169.48000000000002,7
3041,7,0,"[55.15, 95.933, 20.483, 98.2, 71.95, 27.75]",20.483,60.0,"[59.283, 100.35, 0.0, 102.117, 75.633, 34.183]",false,101.3,125.783,0.0,185.78300000000002,52
6625,9,0,"[52.333, 35.917]",35.917,60.0,"[42.35, 0.0]",false,104.77,144.687,0.0,204.687,82
1057,3,0,"[36.6, 66.983, 3.617, 66.183, 56.383]",3.617,60.0,"[38.183, 69.667, 0.0, 68.317, 57.717]",false,131.69,139.307,0.0,199.307,23
4116,8,0,"[24.633, 39.85, 44.117, 68.333, 27.017]",24.633,60.0,"[0.0, 29.783, 44.683, 56.683, 40.533]",false,170.17,198.803,0.0,258.803,63
1633,4,0,"[63.367, 98.317, 11.083]",11.083,60.0,"[66.033, 101.5, 0.0]",false,195.5,210.583,0.0,270.58299999999997,31
1977,5,0,"[92.333, 102.933, 37.183, 15.217, 88.483]",15.217,60.0,"[96.55, 107.233, 39.25, 0.0, 90.7]",false,196.25,215.46699999999998,0.0,275.467,37
4117,8,0,"[11.167, 31.183, 45.517, 59.667, 36.317]",11.167,60.0,"[0.0, 29.783, 44.683, 56.683, 40.533]",false,202.07,217.237,0.0,277.23699999999997,64
650,2,1,"[11.283, 40.3, 56.917]",11.283,60.0,"[0.0, 43.117, 55.283]",false,220.71,235.993,307.276,307.276,12
3042,7,0,"[50.367, 91.15, 31.783, 93.417, 67.167, 26.833]",26.833,60.0,"[39.85, 77.517, 31.517, 82.683, 56.2, 0.0]",false,229.32,260.153,0.0,320.153,60
6626,9,1,"[49.067, 32.667]",32.667,60.0,"[42.35, 0.0]",false,243.35,280.017,372.68399999999997,372.68399999999997,82
3043,7,1,"[46.95, 24.617, 87.833, 49.767, 38.933, 68.4]",24.617,60.0,"[57.933, 0.0, 99.7, 66.367, 50.483, 74.033]",false,281.95,310.567,395.184,395.184,50
4118,8,0,"[40.917, 30.5, 4.55, 58.983, 62.583]",4.55,60.0,"[47.733, 35.35, 0.0, 62.25, 63.933]",false,300.26,308.81,0.0,368.81,74
1978,5,0,"[26.983, 25.267, 77.15, 92.4, 11.283]",11.283,60.0,"[29.567, 27.383, 76.7, 92.4, 0.0]",false,319.57,334.853,0.0,394.853,38
4119,8,0,"[57.233, 46.8, 31.083, 75.283, 82.683]",31.083,60.0,"[47.733, 35.35, 0.0, 62.25, 63.933]",false,336.55,364.3588864847385,0.0,446.16777296947697,1001
1979,5,1,"[32.9, 44.75, 49.9, 65.167, 30.3]",30.3,60.0,"[29.567, 27.383, 76.7, 92.4, 0.0]",false,340.97,375.27000000000004,465.57000000000005,465.57000000000005,39
4120,8,1,"[36.067, 51.333, 50.8, 79.817, 41.65]",36.067,60.0,"[0.0, 29.783, 44.683, 56.683, 40.533]",false,364.97,405.03700000000003,501.10400000000004,501.10400000000004,63
4121,8,0,"[53.533, 68.433, 76.933, 96.917, 20.5]",20.5,60.0,"[41.0, 55.25, 63.75, 82.133, 0.0]",false,378.59,403.09,0.0,463.09,77
4122,8,1,"[41.917, 30.983, 25.167, 58.233, 67.383]",25.167,60.0,"[47.733, 35.35, 0.0, 62.25, 63.933]",false,387.97,417.13700000000006,502.3040000000001,502.3040000000001,74
1634,4,1,"[15.617, 50.567, 51.7]",15.617,60.0,"[0.0, 39.167, 65.783]",false,393.74,413.357,488.97400000000005,488.97400000000005,27
2,1,0,"[20.65, 28.867, 44.267, 10.133, 42.9]",10.133,60.0,"[18.617, 29.283, 44.167, 0.0, 39.4]",false,400.87,415.003,0.0,475.003,7
1058,3,1,"[45.333, 61.833, 18.817, 66.367, 68.417]",18.817,60.0,"[38.183, 69.667, 0.0, 68.317, 57.717]",false,432.04,454.857,0.0,514.857,23
3,1,0,"[29.917, 44.367, 26.8, 36.55, 69.083]",26.8,60.0,"[45.883, 33.417, 0.0, 44.233, 74.1]",false,452.41,483.21000000000004,0.0,543.21,5
4,1,1,"[64.683, 81.967, 97.383, 62.55, 29.683]",29.683,60.0,"[53.25, 59.75, 74.633, 39.267, 0.0]",false,457.46,491.143,580.826,580.826,11
5,1,0,"[69.433, 89.283, 104.683, 69.867, 36.983]",36.983,60.0,"[53.25, 59.75, 74.633, 39.267, 0.0]",false,457.86,531.293,0.0,644.543,1
3044,7,1,"[63.283, 18.067, 104.167, 67.667, 55.267, 84.733]",18.067,60.0,"[57.933, 0.0, 99.7, 66.367, 50.483, 74.033]",false,474.33,496.397,574.4639999999999,574.4639999999999,50
6627,9,1,"[40.267, 7.95]",7.95,60.0,"[42.35, 0.0]",false,477.86,489.81,557.76,557.76,82
6628,9,0,"[16.433, 51.783]",16.433,60.0,"[0.0, 44.55]",false,497.6,518.033,0.0,578.033,79
1635,4,0,"[58.267, 89.283, 29.617]",29.617,60.0,"[66.033, 101.5, 0.0]",false,500.54,534.157,0.0,594.157,31
4123,8,1,"[53.4, 68.3, 76.8, 96.767, 20.35]",20.35,60.0,"[41.0, 55.25, 63.75, 82.133, 0.0]",false,501.29,525.64,605.99,605.99,77
3045,7,0,"[25.833, 66.633, 58.817, 68.883, 42.65, 39.383]",25.833,60.0,"[0.0, 59.45, 58.917, 50.7, 24.2, 42.4]",false,505.41,535.243,0.0,595.243,48
6629,9,1,"[38.283, 29.467]",29.467,60.0,"[42.35, 0.0]",false,522.33,555.797,0.0,615.797,83
1980,5,1,"[41.417, 17.2, 91.583, 106.833, 26.983]",17.2,60.0,"[42.2, 0.0, 91.15, 106.85, 28.867]",false,530.11,551.3100000000001,0.0,611.3100000000001,34
1059,3,0,"[29.633, 42.667, 32.067, 53.967, 61.333]",29.633,60.0,"[0.0, 40.067, 38.583, 38.333, 36.683]",false,544.89,578.523,0.0,638.523,19
651,2,0,"[19.267, 35.567, 56.35]",19.267,60.0,"[0.0, 43.117, 55.283]",false,546.26,569.527,0.0,629.527,12
6630,9,0,"[22.95, 24.85]",22.95,60.0,"[0.0, 44.55]",false,547.98,574.9300000000001,0.0,634.9300000000001,80
4124,8,0,"[37.933, 18.867, 43.5, 34.35, 63.383]",18.867,60.0,"[33.4, 0.0, 34.267, 37.15, 55.433]",false,556.7,579.567,0.0,639.567,72
4125,8,0,"[45.783, 60.683, 69.2, 89.167, 19.917]",19.917,60.0,"[41.0, 55.25, 63.75, 82.133, 0.0]",false,572.15,596.067,0.0,656.067,78
4126,8,0,"[57.75, 47.333, 24.317, 75.817, 83.217]",24.317,60.0,"[47.733, 35.35, 0.0, 62.25, 63.933]",false,584.0,612.317,0.0,672.317,74
6,1,0,"[58.767, 21.133, 48.7, 47.1, 77.567]",21.133,60.0,"[40.217, 0.0, 31.917, 28.817, 58.7]",false,596.39,621.523,0.0,681.523,3
3046,7,1,"[41.817, 46.25, 65.25, 69.433, 43.2, 37.767]",37.767,60.0,"[39.85, 77.517, 31.517, 82.683, 56.2, 0.0]",false,596.86,638.6270000000001,736.3940000000001,736.3940000000001,60
1981,5,0,"[24.683, 43.35, 69.167, 84.433, 28.9]",24.683,60.0,"[0.0, 41.8, 78.517, 96.25, 31.5]",false,606.77,635.453,0.0,695.453,33
7601,10,0,"[29.233, 63.117, 50.867, 43.183, 38.2, 59.167]",29.233,60.0,"[0.0, 54.933, 65.05, 25.3, 41.033, 40.917]",false,606.94,640.173,0.0,700.173,86
7,1,1,"[31.217, 47.367, 29.8, 37.833, 72.067]",29.8,60.0,"[45.883, 33.417, 0.0, 44.233, 74.1]",false,607.99,641.79,731.5899999999999,731.5899999999999,5
6631,9,0,"[28.967, 28.917]",28.917,60.0,"[42.35, 0.0]",false,610.7,643.6170000000001,0.0,703.6170000000001,82
1982,5,0,"[96.683, 107.283, 39.317, 14.117, 92.833]",14.117,60.0,"[96.55, 107.233, 39.25, 0.0, 90.7]",false,620.73,638.847,0.0,698.847,37
4127,8,0,"[20.667, 22.333, 36.667, 50.567, 47.083]",20.667,60.0,"[0.0, 29.783, 44.683, 56.683, 40.533]",false,621.14,645.807,0.0,705.807,63
4128,8,0,"[9.083, 31.967, 46.3, 60.45, 41.283]",9.083,60.0,"[0.0, 29.783, 44.683, 56.683, 40.533]",false,621.62,634.703,0.0,694.703,64
3047,7,1,"[61.833, 108.6, 26.667, 94.867, 72.083, 43.55]",26.667,60.0,"[59.283, 100.35, 0.0, 102.117, 75.633, 34.183]",false,622.49,653.157,739.8240000000001,739.8240000000001,52
4129,8,1,"[64.4, 53.967, 38.25, 82.45, 89.85]",38.25,60.0,"[47.733, 35.35, 0.0, 62.25, 63.933]",false,623.3,665.55,0.0,725.55,75
4130,8,0,"[29.983, 19.567, 25.967, 47.617, 55.45]",19.567,60.0,"[33.4, 0.0, 34.267, 37.15, 55.433]",false,629.0,652.567,0.0,712.567,73
4131,8,0,"[43.133, 59.083, 67.583, 87.567, 14.05]",14.05,60.0,"[41.0, 55.25, 63.75, 82.133, 0.0]",false,629.19,647.24,0.0,707.24,77
6632,9,1,"[28.783, 25.517]",25.517,60.0,"[42.35, 0.0]",false,631.51,661.027,0.0,721.027,83
3048,7,0,"[61.817, 13.65, 96.233, 64.65, 53.8, 68.733]",13.65,60.0,"[57.933, 0.0, 99.7, 66.367, 50.483, 74.033]",false,640.67,658.3199999999999,0.0,718.3199999999999,50
1983,5,0,"[88.517, 118.333, 39.983, 27.95, 103.883]",27.95,60.0,"[96.55, 107.233, 39.25, 0.0, 90.7]",false,652.96,696.943,0.0,796.193,35
3049,7,0,"[36.667, 40.35, 77.55, 61.95, 35.717, 57.45]",35.717,60.0,"[23.583, 51.45, 75.717, 30.7, 0.0, 59.2]",false,654.99,694.707,0.0,754.707,57
1636,4,1,"[43.833, 78.783, 41.8]",41.8,60.0,"[66.033, 101.5, 0.0]",false,665.79,711.5899999999999,0.0,771.5899999999999,31
1984,5,0,"[30.767, 34.883, 68.6, 83.85, 10.617]",10.617,60.0,"[29.567, 27.383, 76.7, 92.4, 0.0]",false,671.99,686.607,0.0,746.607,38
1637,4,0,"[46.133, 24.5, 103.583]",24.5,60.0,"[38.483, 0.0, 100.733]",false,672.91,701.41,0.0,761.41,30
7602,10,1,"[23.7, 61.617, 80.583, 6.95, 57.75, 33.5]",6.95,60.0,"[25.867, 62.033, 83.333, 0.0, 59.317, 28.683]",false,673.33,684.2800000000001,0.0,744.2800000000001,90
4132,8,0,"[63.233, 52.8, 37.083, 81.283, 88.683]",37.083,60.0,"[47.733, 35.35, 0.0, 62.25, 63.933]",false,681.31,722.3929999999999,0.0,782.3929999999999,74
3050,7,0,"[40.333, 38.15, 72.933, 66.217, 39.983, 45.433]",38.15,60.0,"[57.933, 0.0, 99.7, 66.367, 50.483, 74.033]",false,681.68,723.8299999999999,0.0,783.8299999999999,51
8,1,1,"[41.233, 5.617, 31.183, 29.55, 60.017]",5.617,60.0,"[40.217, 0.0, 31.917, 28.817, 58.7]",false,682.37,691.987,757.6039999999999,757.6039999999999,3
7603,10,1,"[54.417, 3.3, 91.633, 61.5, 87.0, 35.45]",3.3,60.0,"[56.483, 0.0, 93.683, 61.967, 87.217, 36.2]",false,698.25,705.55,0.0,765.55,88
1060,3,0,"[45.667, 14.8, 75.65, 23.483, 64.3]",14.8,60.0,"[38.333, 0.0, 68.967, 33.817, 62.533]",false,708.11,726.91,0.0,786.91,21
4133,8,0,"[31.367, 14.317, 45.767, 42.1, 57.8]",14.317,60.0,"[33.4, 0.0, 34.267, 37.15, 55.433]",false,714.6,732.917,0.0,792.917,72
1061,3,0,"[41.983, 4.783, 71.583, 35.017, 65.933]",4.783,60.0,"[38.333, 0.0, 68.967, 33.817, 62.533]",false,718.62,727.403,0.0,787.403,22
1985,5,1,"[23.8, 50.15, 95.967, 111.233, 37.217]",23.8,60.0,"[0.0, 41.8, 78.517, 96.25, 31.5]",false,730.44,758.24,0.0,818.24,33
4134,8,1,"[48.217, 34.333, 59.433, 17.567, 74.65]",17.567,60.0,"[61.883, 39.417, 62.75, 0.0, 83.917]",false,740.58,762.147,0.0,822.147,76
3051,7,0,"[45.783, 21.65, 86.683, 48.617, 37.783, 67.233]",21.65,60.0,"[57.933, 0.0, 99.7, 66.367, 50.483, 74.033]",false,741.88,767.53,0.0,827.53,50
4135,8,1,"[25.317, 40.583, 37.55, 69.067, 30.45]",25.317,60.0,"[0.0, 29.783, 44.683, 56.683, 40.533]",false,742.51,771.827,857.144,857.144,63
6633,9,0,"[9.5, 34.533]",9.5,60.0,"[0.0, 44.55]",false,745.78,759.28,0.0,819.28,79
6634,9,0,"[20.517, 46.617]",20.517,60.0,"[0.0, 44.55]",false,746.63,771.147,0.0,831.147,80
3052,7,1,"[59.317, 100.1, 18.017, 102.35, 76.117, 31.917]",18.017,60.0,"[59.283, 100.35, 0.0, 102.117, 75.633, 34.183]",false,747.52,769.537,847.5540000000001,847.5540000000001,52
1062,3,1,"[32.15, 64.05, 32.233, 60.617, 31.083]",31.083,60.0,"[36.45, 64.017, 56.617, 56.967, 0.0]",false,749.48,784.563,875.646,875.646,26
4136,8,0,"[22.8, 38.083, 43.5, 66.567, 25.617]",22.8,60.0,"[0.0, 29.783, 44.683, 56.683, 40.533]",false,752.09,778.89,0.0,838.89,64
4137,8,0,"[12.833, 31.967, 46.3, 60.45, 37.1]",12.833,60.0,"[0.0, 29.783, 44.683, 56.683, 40.533]",false,771.53,788.3629999999999,0.0,848.3629999999999,65
3053,7,1,"[60.05, 40.033, 64.017, 83.6, 65.267, 36.517]",36.517,60.0,"[39.85, 77.517, 31.517, 82.683, 56.2, 0.0]",false,782.67,823.187,919.7040000000001,919.7040000000001,60
1638,4,1,"[61.117, 96.05, 12.417]",12.417,60.0,"[66.033, 101.5, 0.0]",false,784.7,801.1170000000001,0.0,861.1170000000001,31
9,1,0,"[20.667, 36.6, 52.0, 15.883, 45.133]",15.883,60.0,"[18.617, 29.283, 44.167, 0.0, 39.4]",false,788.79,808.673,0.0,868.673,7
4138,8,0,"[55.8, 36.267, 61.367, 4.333, 81.25]",4.333,60.0,"[61.883, 39.417, 62.75, 0.0, 83.917]",false,791.14,831.407,0.0,930.8240000000001,73
4139,8,0,"[35.3, 9.733, 40.883, 40.567, 60.767]",9.733,60.0,"[33.4, 0.0, 34.267, 37.15, 55.433]",false,796.81,810.5429999999999,0.0,870.5429999999999,72
6635,9,0,"[33.45, 20.083]",20.083,60.0,"[42.35, 0.0]",false,801.34,825.423,0.0,885.423,82
4140,8,0,"[62.35, 43.283, 60.417, 32.367, 87.817]",32.367,60.0,"[61.883, 39.417, 62.75, 0.0, 83.917]",false,823.21,847.8995208675442,0.0,926.5890417350884,1001
652,2,1,"[31.483, 56.35, 37.767]",31.483,60.0,"[0.0, 43.117, 55.283]",false,828.22,863.703,955.1859999999999,955.1859999999999,12
3054,7,0,"[58.783, 53.717, 103.1, 17.317, 38.783, 83.667]",17.317,60.0,"[49.817, 67.1, 101.967, 0.0, 31.067, 85.433]",false,830.26,851.577,0.0,911.577,55
1986,5,1,"[35.283, 54.867, 57.067, 72.317, 40.417]",35.283,60.0,"[0.0, 41.8, 78.517, 96.25, 31.5]",false,842.28,881.563,0.0,941.563,33
3055,7,1,"[20.283, 61.067, 53.217, 63.317, 37.083, 33.767]",20.283,60.0,"[0.0, 59.45, 58.917, 50.7, 24.2, 42.4]",false,842.44,866.7230000000001,947.0060000000001,947.0060000000001,48
653,2,1,"[42.767, 3.417, 82.283]",3.417,60.0,"[42.667, 0.0, 84.817]",false,843.62,851.037,0.0,911.037,17
1987,5,1,"[44.95, 54.9, 56.15, 72.433, 35.067]",35.067,60.0,"[29.567, 27.383, 76.7, 92.4, 0.0]",false,845.92,884.987,980.054,980.054,38
1063,3,0,"[42.617, 52.2, 72.6, 36.833, 54.683]",36.833,60.0,"[36.833, 34.05, 68.167, 0.0, 56.633]",false,854.95,895.783,0.0,955.783,24
1988,5,0,"[31.6, 33.667, 69.967, 85.217, 12.117]",12.117,60.0,"[29.567, 27.383, 76.7, 92.4, 0.0]",false,857.81,873.9269999999999,0.0,933.9269999999999,39
3056,7,0,"[50.9, 91.683, 28.3, 93.933, 67.7, 22.817]",22.817,60.0,"[39.85, 77.517, 31.517, 82.683, 56.2, 0.0]",false,857.91,884.727,0.0,944.727,61
4141,8,0,"[64.833, 54.417, 38.683, 82.9, 90.3]",38.683,60.0,"[47.733, 35.35, 0.0, 62.25, 63.933]",false,863.44,906.123,0.0,966.123,74
4142,8,0,"[24.233, 14.45, 30.117, 42.933, 49.683]",14.45,60.0,"[33.4, 0.0, 34.267, 37.15, 55.433]",false,866.68,894.9129999999999,0.0,988.3129999999999,63
4143,8,0,"[52.7, 67.967, 61.117, 96.45, 58.267]",52.7,60.0,"[0.0, 29.783, 44.683, 56.683, 40.533]",false,867.28,923.98,0.0,983.98,64
654,2,0,"[37.183, 25.433, 79.483]",25.433,60.0,"[42.667, 0.0, 84.817]",false,869.71,910.893,0.0,1013.5600000000001,13
3057,7,0,"[46.4, 87.2, 41.083, 83.317, 58.383, 39.267]",39.267,60.0,"[39.85, 77.517, 31.517, 82.683, 56.2, 0.0]",false,871.12,914.3870000000001,0.0,974.3870000000001,62
6636,9,0,"[28.983, 32.317]",28.983,60.0,"[0.0, 44.55]",false,874.69,907.673,0.0,967.673,79
1064,3,1,"[17.733, 33.383, 47.733, 32.683, 40.1]",17.733,60.0,"[0.0, 40.067, 38.583, 38.333, 36.683]",false,881.1,902.833,980.5659999999999,980.5659999999999,19
10,1,0,"[53.733, 15.533, 44.667, 42.067, 71.133]",15.533,60.0,"[40.217, 0.0, 31.917, 28.817, 58.7]",false,881.97,901.503,0.0,961.503,3
4144,8,1,"[56.283, 45.85, 27.533, 74.333, 81.733]",27.533,60.0,"[47.733, 35.35, 0.0, 62.25, 63.933]",false,884.24,915.773,0.0,975.773,75
1989,5,1,"[95.017, 125.533, 46.833, 32.367, 111.067]",32.367,60.0,"[96.55, 107.233, 39.25, 0.0, 90.7]",false,892.18,928.5469999999999,0.0,988.5469999999999,37
7604,10,0,"[59.467, 105.65, 37.317, 71.9, 23.417, 93.733]",23.417,60.0,"[41.15, 87.533, 35.583, 59.35, 0.0, 76.033]",false,893.32,920.7370000000001,0.0,980.7370000000001,91
7605,10,0,"[21.883, 54.383, 54.0, 35.85, 42.05, 51.833]",21.883,60.0,"[0.0, 54.933, 65.05, 25.3, 41.033, 40.917]",false,897.64,923.523,0.0,983.523,86
2834,6,0,"[34.367, 30.9]",30.9,60.0,"[46.383, 0.0]",false,904.21,939.11,0.0,999.11,46
1065,3,0,"[39.55, 3.25, 69.15, 31.783, 63.5]",3.25,60.0,"[38.333, 0.0, 68.967, 33.817, 62.533]",false,925.56,932.81,0.0,992.81,21
6637,9,0,"[37.3, 27.133]",27.133,60.0,"[42.35, 0.0]",false,927.51,958.643,0.0,1018.643,82
7606,10,0,"[33.35, 46.117, 67.467, 47.317, 54.683, 57.75]",33.35,60.0,"[0.0, 54.933, 65.05, 25.3, 41.033, 40.917]",false,944.12,966.3581220847,0.0,1042.5962441693998,1002
3058,7,0,"[34.1, 62.95, 52.95, 77.15, 50.9, 33.517]",33.517,60.0,"[39.85, 77.517, 31.517, 82.683, 56.2, 0.0]",false,949.59,987.1070000000001,0.0,1047.107,60
1990,5,1,"[64.633, 86.817, 20.983, 53.683, 72.367]",20.983,60.0,"[79.633, 91.967, 0.0, 40.85, 75.433]",false,974.62,999.603,1080.586,1080.586,35
7607,10,0,"[28.6, 66.5, 85.483, 12.7, 61.9, 37.15]",12.7,60.0,"[25.867, 62.033, 83.333, 0.0, 59.317, 28.683]",false,974.76,991.46,0.0,1051.46,90
4145,8,1,"[19.667, 32.167, 30.75, 60.65, 38.667]",19.667,60.0,"[0.0, 29.783, 44.683, 56.683, 40.533]",false,995.76,1019.427,1099.094,1099.094,63
4146,8,1,"[59.367, 48.933, 29.417, 77.417, 84.817]",29.417,60.0,"[47.733, 35.35, 0.0, 62.25, 63.933]",false,1014.52,1047.937,1137.3539999999998,1137.3539999999998,74
11,1,0,"[35.167, 43.1, 14.3, 36.9, 67.367]",14.3,60.0,"[45.883, 33.417, 0.0, 44.233, 74.1]",false,1033.38,1051.68,0.0,1111.68,5
1991,5,0,"[54.967, 22.45, 105.133, 120.4, 40.55]",22.45,60.0,"[42.2, 0.0, 91.15, 106.85, 28.867]",false,1034.53,1060.98,0.0,1120.98,34
7608,10,0,"[55.667, 47.2, 112.55, 36.667, 89.717, 21.95]",21.95,60.0,"[40.4, 35.983, 99.317, 29.033, 75.3, 0.0]",false,1034.86,1060.81,0.0,1120.81,92
1992,5,0,"[21.45, 31.3, 70.033, 85.283, 13.817]",13.817,60.0,"[29.567, 27.383, 76.7, 92.4, 0.0]",false,1040.6,1058.417,0.0,1118.417,38
4147,8,0,"[62.7, 52.267, 33.033, 80.75, 88.15]",33.033,60.0,"[47.733, 35.35, 0.0, 62.25, 63.933]",false,1045.21,1071.8898595736598,0.0,1152.5697191473196,1001
4148,8,0,"[21.067, 36.333, 41.15, 64.817, 26.2]",21.067,60.0,"[0.0, 29.783, 44.683, 56.683, 40.533]",false,1053.2,1078.267,0.0,1138.267,64
4149,8,0,"[46.633, 27.583, 40.983, 42.733, 72.1]",27.583,60.0,"[33.4, 0.0, 34.267, 37.15, 55.433]",false,1058.92,1090.5030000000002,0.0,1150.5030000000002,72
12,1,0,"[14.2, 36.35, 41.25, 18.833, 52.717]",14.2,60.0,"[0.0, 40.95, 45.35, 18.133, 52.183]",false,1060.51,1078.71,0.0,1138.71,1
1066,3,0,"[45.667, 14.8, 75.65, 23.483, 64.3]",14.8,60.0,"[38.333, 0.0, 68.967, 33.817, 62.533]",false,1067.29,1086.09,0.0,1146.09,21
13,1,0,"[40.683, 4.367, 33.5, 29.017, 59.483]",4.367,60.0,"[40.217, 0.0, 31.917, 28.817, 58.7]",false,1067.81,1076.177,0.0,1136.177,3
4150,8,1,"[38.417, 40.533, 19.0, 69.017, 53.783]",19.0,60.0,"[47.733, 35.35, 0.0, 62.25, 63.933]",false,1073.61,1096.61,0.0,1156.61,75
2835,6,0,"[24.683, 28.433]",24.683,60.0,"[0.0, 46.183]",false,1077.78,1106.463,0.0,1166.463,44
1067,3,1,"[40.1, 54.45, 23.35, 58.983, 66.35]",23.35,60.0,"[38.183, 69.667, 0.0, 68.317, 57.717]",false,1085.25,1112.6,0.0,1172.6,23
7609,10,0,"[23.8, 61.7, 80.683, 6.2, 57.85, 32.75]",6.2,60.0,"[25.867, 62.033, 83.333, 0.0, 59.317, 28.683]",false,1088.57,1098.77,0.0,1158.77,90
4151,8,0,"[29.983, 19.567, 25.967, 47.617, 55.45]",19.567,60.0,"[33.4, 0.0, 34.267, 37.15, 55.433]",false,1090.68,1114.247,0.0,1174.247,73
1639,4,0,"[22.767, 34.967, 80.933]",22.767,60.0,"[0.0, 39.167, 65.783]",false,1097.63,1124.3970000000002,0.0,1184.3970000000002,27
14,1,0,"[18.767, 29.45, 44.85, 6.667, 42.483]",6.667,60.0,"[18.617, 29.283, 44.167, 0.0, 39.4]",false,1099.69,1110.357,0.0,1170.357,7
6638,9,1,"[37.433, 28.617]",28.617,60.0,"[42.35, 0.0]",false,1101.74,1134.357,1222.974,1222.974,82
4152,8,0,"[69.433, 59.0, 43.283, 80.617, 94.883]",43.283,60.0,"[47.733, 35.35, 0.0, 62.25, 63.933]",false,1113.07,1186.503,0.0,1294.2359999999999,63
4153,8,0,"[61.817, 51.4, 28.933, 79.883, 87.283]",28.933,60.0,"[47.733, 35.35, 0.0, 62.25, 63.933]",false,1119.62,1185.437,0.0,1293.1699999999998,65
4154,8,0,"[55.8, 36.267, 61.367, 4.333, 81.25]",4.333,60.0,"[61.883, 39.417, 62.75, 0.0, 83.917]",false,1132.67,1141.0030000000002,0.0,1201.0030000000002,76
4155,8,1,"[50.167, 31.1, 55.733, 23.183, 75.617]",23.183,60.0,"[61.883, 39.417, 62.75, 0.0, 83.917]",false,1158.59,1193.6899999999998,1276.8729999999998,1316.2899999999997,72
4156,8,0,"[31.367, 14.317, 45.767, 42.1, 57.8]",14.317,60.0,"[33.4, 0.0, 34.267, 37.15, 55.433]",false,1163.88,1199.247,0.0,1292.6470000000002,64
6639,9,0,"[12.317, 36.367]",12.317,60.0,"[0.0, 44.55]",false,1172.68,1188.997,0.0,1248.997,79
7610,10,0,"[58.833, 8.983, 94.233, 57.967, 89.6, 31.9]",8.983,60.0,"[56.483, 0.0, 93.683, 61.967, 87.217, 36.2]",false,1193.52,1206.503,0.0,1266.503,88
1993,5,0,"[41.05, 35.817, 92.517, 107.783, 27.7]",27.7,60.0,"[29.567, 27.383, 76.7, 92.4, 0.0]",false,1195.98,1227.68,0.0,1287.68,38
6640,9,1,"[15.983, 39.8]",15.983,60.0,"[0.0, 44.55]",false,1206.62,1226.6029999999998,0.0,1286.6029999999998,80
4157,8,0,"[27.167, 42.067, 50.567, 70.55, 21.767]",21.767,60.0,"[41.0, 55.25, 63.75, 82.133, 0.0]",false,1209.17,1234.9370000000001,0.0,1294.9370000000001,77
2836,6,1,"[52.417, 10.6]",10.6,60.0,"[46.383, 0.0]",false,1218.5,1233.1,0.0,1293.1,46
6641,9,1,"[47.717, 38.883]",38.883,60.0,"[42.35, 0.0]",false,1224.21,1267.093,1365.976,1365.976,82
4158,8,1,"[27.5, 40.0, 26.617, 68.483, 46.65]",26.617,60.0,"[47.733, 35.35, 0.0, 62.25, 63.933]",false,1231.36,1261.9769999999999,1348.5939999999998,1348.5939999999998,74
3059,7,0,"[37.2, 77.983, 37.95, 80.25, 54.0, 18.217]",18.217,60.0,"[39.85, 77.517, 31.517, 82.683, 56.2, 0.0]",false,1233.47,1255.6870000000001,0.0,1315.6870000000001,60
4159,8,0,"[49.783, 33.083, 32.233, 52.2, 75.25]",32.233,60.0,"[47.733, 35.35, 0.0, 62.25, 63.933]",false,1251.41,1271.9387837445827,0.0,1346.4675674891653,1001
655,2,0,"[44.617, 11.017, 84.117]",11.017,60.0,"[42.667, 0.0, 84.817]",false,1268.73,1283.747,0.0,1343.747,17
6642,9,0,"[49.567, 23.083]",23.083,60.0,"[42.35, 0.0]",false,1272.11,1299.193,0.0,1359.193,83
4160,8,0,"[11.983, 25.883, 40.217, 54.367, 41.117]",11.983,60.0,"[0.0, 29.783, 44.683, 56.683, 40.533]",false,1279.45,1295.433,0.0,1355.433,66
656,2,0,"[36.317, 19.85, 77.467]",19.85,60.0,"[42.667, 0.0, 84.817]",false,1280.53,1320.847,0.0,1423.514,12
4161,8,1,"[43.9, 58.8, 67.3, 87.283, 16.25]",16.25,60.0,"[41.0, 55.25, 63.75, 82.133, 0.0]",false,1284.63,1304.88,0.0,1364.88,78
3060,7,0,"[57.417, 98.2, 6.867, 100.45, 74.217, 30.017]",6.867,60.0,"[59.283, 100.35, 0.0, 102.117, 75.633, 34.183]",false,1302.32,1313.187,0.0,1373.187,52
3061,7,1,"[34.883, 75.667, 45.917, 77.933, 51.683, 26.483]",26.483,60.0,"[39.85, 77.517, 31.517, 82.683, 56.2, 0.0]",false,1319.03,1349.513,1435.9959999999999,1435.9959999999999,60
1068,3,0,"[5.667, 40.133, 35.25, 36.7, 36.667]",5.667,60.0,"[0.0, 40.067, 38.583, 38.333, 36.683]",false,1336.16,1345.827,0.0,1405.827,19
7611,10,0,"[46.483, 33.917, 104.433, 34.267, 81.6, 8.2]",8.2,60.0,"[40.4, 35.983, 99.317, 29.033, 75.3, 0.0]",false,1340.07,1352.27,0.0,1412.27,92
6643,9,0,"[13.533, 41.067]",13.533,60.0,"[0.0, 44.55]",false,1344.28,1361.8129999999999,0.0,1421.8129999999999,79
4162,8,0,"[43.667, 33.233, 21.283, 61.833, 69.117]",21.283,60.0,"[47.733, 35.35, 0.0, 62.25, 63.933]",false,1344.83,1370.1129999999998,0.0,1430.1129999999998,75
6644,9,1,"[35.267, 15.883]",15.883,60.0,"[42.35, 0.0]",false,1346.36,1366.243,0.0,1426.243,84
6645,9,1,"[11.717, 39.883]",11.717,60.0,"[0.0, 44.55]",false,1364.05,1379.767,0.0,1439.767,80
657,2,0,"[37.9, 19.083, 75.983]",19.083,60.0,"[42.667, 0.0, 84.817]",false,1371.63,1394.7130000000002,0.0,1454.7130000000002,17
1994,5,1,"[44.3, 14.05, 94.45, 109.717, 29.867]",14.05,60.0,"[42.2, 0.0, 91.15, 106.85, 28.867]",false,1394.63,1412.68,0.0,1472.68,34
4163,8,0,"[39.7, 27.983, 25.317, 55.25, 65.167]",25.317,60.0,"[47.733, 35.35, 0.0, 62.25, 63.933]",false,1410.7,1440.017,0.0,1500.017,74
4164,8,0,"[39.2, 28.783, 18.95, 57.267, 64.667]",18.95,60.0,"[47.733, 35.35, 0.0, 62.25, 63.933]",false,1414.24,1447.023,0.0,1542.3729999999998,72
3062,7,0,"[52.75, 84.5, 40.4, 95.8, 69.567, 19.417]",19.417,60.0,"[39.85, 77.517, 31.517, 82.683, 56.2, 0.0]",false,1427.18,1450.597,0.0,1510.597,61
4165,8,1,"[41.65, 22.117, 47.217, 25.733, 67.1]",22.117,60.0,"[33.4, 0.0, 34.267, 37.15, 55.433]",false,1429.96,1456.077,0.0,1516.077,73
3063,7,0,"[60.65, 101.433, 1.95, 103.7, 77.45, 33.25]",1.95,60.0,"[59.283, 100.35, 0.0, 102.117, 75.633, 34.183]",false,1431.05,1437.0,0.0,1497.0,52
658,2,0,"[46.2, 44.733, 69.3]",44.733,60.0,"[42.667, 0.0, 84.817]",false,1454.38,1504.5800000000002,0.0,1607.247,12
1995,5,0,"[41.883, 35.333, 92.033, 107.3, 27.233]",27.233,60.0,"[29.567, 27.383, 76.7, 92.4, 0.0]",false,1463.03,1494.263,0.0,1554.263,38
4166,8,0,"[43.917, 37.283, 59.933, 29.533, 70.35]",29.533,60.0,"[61.883, 39.417, 62.75, 0.0, 83.917]",false,1516.38,1549.913,0.0,1609.913,76
7612,10,0,"[55.917, 16.45, 96.917, 55.933, 91.033, 29.883]",16.45,60.0,"[56.483, 0.0, 93.683, 61.967, 87.217, 36.2]",false,1578.84,1599.29,0.0,1659.29,88
4167,8,0,"[42.267, 30.067, 54.867, 29.233, 68.7]",29.233,60.0,"[61.883, 39.417, 62.75, 0.0, 83.917]",false,1589.84,1623.907,0.0,1723.3239999999998,72
4168,8,0,"[66.317, 49.167, 43.933, 70.8, 91.767]",43.933,60.0,"[47.733, 35.35, 0.0, 62.25, 63.933]",false,1598.8899999999999,1619.5322907987722,0.0,1694.1745815975446,1001
6646,9,0,"[53.383, 36.983]",36.983,60.0,"[42.35, 0.0]",false,1613.0,1653.983,0.0,1713.983,82
3064,7,0,"[68.15, 16.583, 105.433, 75.8, 60.133, 77.95]",16.583,60.0,"[57.933, 0.0, 99.7, 66.367, 50.483, 74.033]",false,1613.2,1633.7830000000001,0.0,1693.7830000000001,50
6647,9,1,"[65.067, 43.467]",43.467,60.0,"[42.35, 0.0]",false,1655.22,1702.6870000000001,0.0,1762.6870000000001,83
4169,8,0,"[28.517, 43.417, 51.933, 71.9, 18.383]",18.383,60.0,"[41.0, 55.25, 63.75, 82.133, 0.0]",false,1658.08,1680.463,0.0,1740.463,77
4170,8,0,"[17.483, 36.617, 48.617, 65.1, 36.45]",17.483,60.0,"[0.0, 29.783, 44.683, 56.683, 40.533]",false,1748.56,1770.043,0.0,1830.043,63
3065,7,0,"[60.533, 101.333, 10.367, 103.583, 77.35, 33.133]",10.367,60.0,"[59.283, 100.35, 0.0, 102.117, 75.633, 34.183]",false,1755.6,1769.9669999999999,0.0,1829.9669999999999,52
4171,8,1,"[36.467, 26.05, 19.833, 54.533, 61.933]",19.833,60.0,"[47.733, 35.35, 0.0, 62.25, 63.933]",false,1765.03,1788.863,1868.6960000000001,1868.6960000000001,74
1640,4,1,"[52.967, 18.383, 115.3]",18.383,60.0,"[38.483, 0.0, 100.733]",false,1787.68,1810.063,1888.4460000000001,1888.4460000000001,30
1996,5,1,"[90.05, 100.65, 31.117, 18.7, 86.2]",18.7,60.0,"[96.55, 107.233, 39.25, 0.0, 90.7]",false,1799.63,1822.3300000000002,0.0,1882.3300000000002,37
15,1,0,"[45.2, 52.1, 67.5, 27.3, 27.4]",27.3,60.0,"[18.617, 29.283, 44.167, 0.0, 39.4]",false,1807.38,1838.68,0.0,1898.68,7
3066,7,1,"[17.617, 58.517, 56.183, 60.667, 34.417, 36.75]",17.617,60.0,"[0.0, 59.45, 58.917, 50.7, 24.2, 42.4]",false,1836.44,1858.057,1935.674,1935.674,48
659,2,1,"[33.683, 43.0, 74.2]",33.683,60.0,"[0.0, 43.117, 55.283]",false,1848.34,1886.023,1979.706,1979.706,12
2837,6,0,"[37.35, 51.617]",37.35,60.0,"[0.0, 46.183]",false,1869.6399999999999,1910.9899999999998,0.0,1970.9899999999998,44
6648,9,0,"[47.583, 10.767]",10.767,60.0,"[42.35, 0.0]",false,1877.25,1892.017,0.0,1952.017,82
6649,9,1,"[5.467, 41.983]",5.467,60.0,"[0.0, 44.55]",false,1883.3899999999999,1892.857,1958.324,1958.324,79
4172,8,0,"[61.683, 51.25, 28.317, 79.733, 87.133]",28.317,60.0,"[47.733, 35.35, 0.0, 62.25, 63.933]",false,1885.3899999999999,1917.7069999999999,0.0,1977.7069999999999,74
3067,7,0,"[43.0, 46.783, 68.45, 68.9, 42.65, 40.95]",40.95,60.0,"[39.85, 77.517, 31.517, 82.683, 56.2, 0.0]",false,1929.21,1974.16,0.0,2034.16,60
1997,5,1,"[44.3, 14.05, 94.45, 109.717, 29.867]",14.05,60.0,"[42.2, 0.0, 91.15, 106.85, 28.867]",false,1934.22,1952.27,0.0,2012.27,34
6650,9,0,"[40.983, 16.067]",16.067,60.0,"[42.35, 0.0]",false,1937.58,1957.647,0.0,2017.647,83
1069,3,0,"[57.983, 26.35, 82.017, 54.467, 86.417]",26.35,60.0,"[38.333, 0.0, 68.967, 33.817, 62.533]",false,1944.3899999999999,1974.7399999999998,0.0,2034.7399999999998,21
1998,5,1,"[95.017, 125.533, 46.833, 32.367, 111.067]",32.367,60.0,"[96.55, 107.233, 39.25, 0.0, 90.7]",false,1979.9299999999998,2016.2969999999998,0.0,2076.2969999999996,37
1070,3,0,"[26.333, 33.167, 41.9, 47.1, 54.467]",26.333,60.0,"[0.0, 40.067, 38.583, 38.333, 36.683]",false,1993.5,2023.833,0.0,2083.833,19
1641,4,0,"[24.183, 32.967, 79.833]",24.183,60.0,"[0.0, 39.167, 65.783]",false,1993.55,2021.733,0.0,2081.733,27
4173,8,0,"[30.533, 49.667, 60.6, 78.15, 14.217]",14.217,60.0,"[41.0, 55.25, 63.75, 82.133, 0.0]",false,1997.06,2015.277,0.0,2075.277,77
3068,7,1,"[39.067, 79.85, 31.6, 82.117, 55.867, 15.733]",15.733,60.0,"[39.85, 77.517, 31.517, 82.683, 56.2, 0.0]",false,1997.22,2016.953,0.0,2076.953,61
16,1,0,"[48.583, 10.383, 40.167, 36.917, 67.383]",10.383,60.0,"[40.217, 0.0, 31.917, 28.817, 58.7]",false,2000.74,2015.123,0.0,2075.123,3
1071,3,0,"[34.967, 66.05, 23.1, 64.55, 39.4]",23.1,60.0,"[38.183, 69.667, 0.0, 68.317, 57.717]",false,2016.4,2043.5,0.0,2103.5,23
660,2,0,"[8.75, 43.3, 51.717]",8.75,60.0,"[0.0, 43.117, 55.283]",false,2016.97,2029.72,0.0,2089.7200000000003,12
4174,8,1,"[68.967, 58.55, 42.817, 87.033, 94.433]",42.817,60.0,"[47.733, 35.35, 0.0, 62.25, 63.933]",false,2017.1399999999999,2063.957,2166.774,2166.774,74
1642,4,0,"[8.35, 34.85, 71.7]",8.35,60.0,"[0.0, 39.167, 65.783]",false,2022.3600000000001,2034.71,0.0,2094.71,28
4175,8,0,"[27.617, 42.517, 51.017, 71.0, 17.467]",17.467,60.0,"[41.0, 55.25, 63.75, 82.133, 0.0]",false,2029.46,2050.927,0.0,2110.927,78
3069,7,0,"[65.917, 19.6, 83.55, 73.117, 62.217, 56.05]",19.6,60.0,"[57.933, 0.0, 99.7, 66.367, 50.483, 74.033]",false,2032.8400000000001,2056.44,0.0,2116.44,50
17,1,0,"[39.067, 9.8, 30.567, 27.4, 57.867]",9.8,60.0,"[40.217, 0.0, 31.917, 28.817, 58.7]",false,2033.0700000000002,2046.8700000000001,0.0,2106.87,4
1999,5,0,"[20.667, 53.933, 93.0, 108.267, 41.283]",20.667,60.0,"[0.0, 41.8, 78.517, 96.25, 31.5]",false,2037.5,2062.167,0.0,2122.167,33
6651,9,0,"[30.217, 51.6]",30.217,60.0,"[0.0, 44.55]",false,2043.5700000000002,2077.7870000000003,0.0,2137.7870000000003,79
3070,7,0,"[52.2, 27.233, 86.6, 58.95, 46.917, 59.1]",27.233,60.0,"[57.933, 0.0, 99.7, 66.367, 50.483, 74.033]",false,2052.32,2083.5530000000003,0.0,2143.5530000000003,51
4176,8,0,"[43.917, 24.383, 49.483, 22.417, 69.367]",22.417,60.0,"[61.883, 39.417, 62.75, 0.0, 83.917]",false,2055.51,2081.927,0.0,2141.927,76
4177,8,0,"[28.367, 43.25, 51.317, 71.733, 23.983]",23.983,60.0,"[41.0, 55.25, 63.75, 82.133, 0.0]",false,2060.51,2092.8770000000004,0.0,2193.8770000000004,63
18,1,0,"[37.267, 18.6, 30.017, 25.583, 56.05]",18.6,60.0,"[40.217, 0.0, 31.917, 28.817, 58.7]",false,2069.09,2098.6730000000002,0.0,2187.4900000000002,7
3071,7,0,"[56.1, 96.9, 11.367, 99.15, 72.917, 28.7]",11.367,60.0,"[59.283, 100.35, 0.0, 102.117, 75.633, 34.183]",false,2074.33,2089.697,0.0,2149.697,52
1072,3,0,"[26.917, 56.95, 47.667, 51.033, 21.75]",21.75,60.0,"[36.45, 64.017, 56.617, 56.967, 0.0]",false,2086.44,2112.19,0.0,2172.19,26
4178,8,1,"[16.933, 24.483, 38.817, 52.967, 46.067]",16.933,60.0,"[0.0, 29.783, 44.683, 56.683, 40.533]",false,2119.11,2140.043,2216.976,2216.976,64
1073,3,0,"[54.2, 25.933, 84.2, 35.417, 72.833]",25.933,60.0,"[38.333, 0.0, 68.967, 33.817, 62.533]",false,2130.3,2160.233,0.0,2220.233,21
3072,7,0,"[59.817, 100.617, 12.05, 102.867, 76.633, 32.417]",12.05,60.0,"[59.283, 100.35, 0.0, 102.117, 75.633, 34.183]",false,2136.52,2152.57,0.0,2212.57,53
1074,3,0,"[12.933, 33.817, 37.583, 41.683, 44.9]",12.933,60.0,"[0.0, 40.067, 38.583, 38.333, 36.683]",false,2182.48,2199.413,0.0,2259.413,19
2000,5,0,"[21.833, 53.933, 64.217, 89.717, 41.283]",21.833,60.0,"[0.0, 41.8, 78.517, 96.25, 31.5]",false,2184.29,2210.123,0.0,2270.123,33
19,1,0,"[18.333, 29.9, 42.1, 12.5, 46.267]",12.5,60.0,"[18.617, 29.283, 44.167, 0.0, 39.4]",false,2189.16,2205.66,0.0,2265.66,7
20,1,1,"[38.7, 4.567, 34.333, 27.017, 57.483]",4.567,60.0,"[40.217, 0.0, 31.917, 28.817, 58.7]",false,2193.85,2202.417,2266.984,2266.984,3
7613,10,1,"[6.1, 52.133, 65.75, 22.35, 42.917, 36.183]",6.1,60.0,"[0.0, 54.933, 65.05, 25.3, 41.033, 40.917]",false,2196.33,2206.43,2272.5299999999997,2272.5299999999997,86
4179,8,0,"[33.5, 48.767, 39.933, 77.25, 39.083]",33.5,60.0,"[0.0, 29.783, 44.683, 56.683, 40.533]",false,2202.01,2219.030025179273,0.0,2290.0500503585454,1001
4180,8,0,"[37.933, 18.867, 43.5, 34.35, 63.383]",18.867,60.0,"[33.4, 0.0, 34.267, 37.15, 55.433]",false,2211.63,2234.4970000000003,0.0,2294.4970000000003,72
4181,8,0,"[39.2, 23.267, 31.817, 47.317, 64.667]",23.267,60.0,"[33.4, 0.0, 34.267, 37.15, 55.433]",false,2217.45,2244.7169999999996,0.0,2304.7169999999996,73
6652,9,0,"[44.633, 19.35]",19.35,60.0,"[42.35, 0.0]",false,2265.82,2289.17,0.0,2349.17,82
661,2,0,"[28.8, 58.333, 32.983]",28.8,60.0,"[0.0, 43.117, 55.283]",false,2267.93,2300.73,0.0,2360.73,12
7614,10,0,"[17.45, 48.067, 75.417, 18.05, 52.567, 29.6]",17.45,60.0,"[0.0, 54.933, 65.05, 25.3, 41.033, 40.917]",false,2292.7200000000003,2314.17,0.0,2374.17,86
2001,5,1,"[72.483, 42.233, 122.65, 137.9, 58.05]",42.233,60.0,"[42.2, 0.0, 91.15, 106.85, 28.867]",false,2305.0299999999997,2351.263,0.0,2411.263,34
3073,7,0,"[58.583, 8.15, 99.467, 66.217, 50.567, 77.917]",8.15,60.0,"[57.933, 0.0, 99.7, 66.367, 50.483, 74.033]",false,2311.61,2323.76,0.0,2383.76,50
4182,8,0,"[33.033, 47.933, 56.433, 76.417, 20.083]",20.083,60.0,"[41.0, 55.25, 63.75, 82.133, 0.0]",false,2312.75,2336.833,0.0,2396.833,77
2002,5,1,"[26.033, 34.767, 68.583, 83.833, 10.833]",10.833,60.0,"[29.567, 27.383, 76.7, 92.4, 0.0]",false,2324.8,2339.6330000000003,2410.4660000000003,2410.4660000000003,38
4183,8,0,"[48.2, 29.133, 53.767, 30.35, 73.65]",29.133,60.0,"[33.4, 0.0, 34.267, 37.15, 55.433]",false,2325.23,2358.363,0.0,2418.363,72
1075,3,0,"[43.617, 40.417, 73.617, 23.85, 62.25]",23.85,60.0,"[36.833, 34.05, 68.167, 0.0, 56.633]",false,2387.16,2415.0099999999998,0.0,2475.0099999999998,24
4184,8,1,"[27.7, 42.967, 42.433, 71.45, 33.267]",27.7,60.0,"[0.0, 29.783, 44.683, 56.683, 40.533]",false,2393.89,2425.5899999999997,2513.2899999999995,2513.2899999999995,63
662,2,1,"[45.983, 78.517, 18.317]",18.317,60.0,"[54.4, 82.633, 0.0]",false,2398.06,2420.377,0.0,2480.377,18
4185,8,0,"[47.9, 28.383, 53.483, 23.283, 73.367]",23.283,60.0,"[61.883, 39.417, 62.75, 0.0, 83.917]",false,2416.77,2444.053,0.0,2504.053,76
7615,10,0,"[55.283, 101.483, 23.133, 73.583, 20.117, 89.55]",20.117,60.0,"[41.15, 87.533, 35.583, 59.35, 0.0, 76.033]",false,2429.86,2453.9770000000003,0.0,2513.9770000000003,91
21,1,0,"[26.033, 54.417, 46.717, 32.833, 67.45]",26.033,60.0,"[0.0, 40.95, 45.35, 18.133, 52.183]",false,2432.49,2462.5229999999997,0.0,2522.5229999999997,1
4186,8,0,"[62.6, 52.183, 36.45, 80.667, 88.067]",36.45,60.0,"[47.733, 35.35, 0.0, 62.25, 63.933]",false,2441.76,2482.21,0.0,2542.21,74
6653,9,1,"[13.133, 31.9]",13.133,60.0,"[0.0, 44.55]",false,2445.52,2462.653,2535.7859999999996,2535.7859999999996,79
4187,8,0,"[31.3, 6.517, 36.867, 36.867, 56.767]",6.517,60.0,"[33.4, 0.0, 34.267, 37.15, 55.433]",false,2446.35,2456.8669999999997,0.0,2516.8669999999997,72
3074,7,1,"[57.717, 98.517, 33.45, 100.767, 74.517, 30.317]",30.317,60.0,"[39.85, 77.517, 31.517, 82.683, 56.2, 0.0]",false,2458.19,2492.507,2582.824,2582.824,60
4188,8,0,"[48.367, 37.95, 12.017, 66.433, 70.633]",12.017,60.0,"[47.733, 35.35, 0.0, 62.25, 63.933]",false,2466.0299999999997,2482.0469999999996,0.0,2542.0469999999996,75
4189,8,0,"[16.817, 35.967, 50.283, 64.433, 32.05]",16.817,60.0,"[0.0, 29.783, 44.683, 56.683, 40.533]",false,2478.76,2499.577,0.0,2559.577,64
6654,9,1,"[52.2, 24.767]",24.767,60.0,"[42.35, 0.0]",false,2483.06,2511.8269999999998,2596.5939999999996,2596.5939999999996,82
1643,4,0,"[48.3, 47.233, 83.167]",47.233,60.0,"[38.483, 0.0, 100.733]",false,2486.91,2507.4680803455567,0.0,2582.0261606911135,1003
4190,8,0,"[32.783, 9.817, 38.35, 32.35, 58.233]",9.817,60.0,"[33.4, 0.0, 34.267, 37.15, 55.433]",false,2493.24,2507.057,0.0,2567.057,73
4191,8,1,"[49.367, 64.633, 64.1, 93.117, 40.683]",40.683,60.0,"[41.0, 55.25, 63.75, 82.133, 0.0]",false,2498.77,2521.8173457506045,0.0,2598.864691501209,1001
6655,9,1,"[52.983, 30.983]",30.983,60.0,"[42.35, 0.0]",false,2523.4,2558.3830000000003,0.0,2618.3830000000003,83
22,1,0,"[55.567, 25.617, 16.283, 43.9, 74.367]",16.283,60.0,"[45.883, 33.417, 0.0, 44.233, 74.1]",false,2526.8599999999997,2547.1429999999996,0.0,2607.1429999999996,5
6656,9,1,"[29.5, 20.65]",20.65,60.0,"[42.35, 0.0]",false,2532.83,2557.48,0.0,2617.48,84
4192,8,0,"[21.683, 40.817, 55.15, 69.3, 22.6]",21.683,60.0,"[0.0, 29.783, 44.683, 56.683, 40.533]",false,2541.42,2567.103,0.0,2627.103,63
4193,8,0,"[32.65, 47.917, 41.733, 76.4, 38.233]",32.65,60.0,"[0.0, 29.783, 44.683, 56.683, 40.533]",false,2549.94,2586.59,0.0,2646.59,65
4194,8,0,"[39.517, 58.65, 72.983, 87.133, 26.767]",26.767,60.0,"[41.0, 55.25, 63.75, 82.133, 0.0]",false,2551.3199999999997,2582.0869999999995,0.0,2642.0869999999995,77
23,1,1,"[51.15, 15.95, 28.733, 39.467, 69.933]",15.95,60.0,"[40.217, 0.0, 31.917, 28.817, 58.7]",false,2553.6800000000003,2573.63,2649.58,2649.58,3
6657,9,1,"[55.967, 47.15]",47.15,60.0,"[42.35, 0.0]",false,2572.1,2623.25,0.0,2683.25,85
4195,8,0,"[39.2, 54.483, 39.783, 82.967, 44.783]",39.2,60.0,"[0.0, 29.783, 44.683, 56.683, 40.533]",false,2574.56,2617.7599999999998,0.0,2677.7599999999998,64
4196,8,0,"[16.833, 34.767, 49.1, 63.25, 43.733]",16.833,60.0,"[0.0, 29.783, 44.683, 56.683, 40.533]",false,2577.0299999999997,2597.863,0.0,2657.863,66
2838,6,0,"[7.633, 44.717]",7.633,60.0,"[0.0, 46.183]",false,2591.5,2603.133,0.0,2663.133,44
2003,5,0,"[67.867, 36.483, 115.117, 133.3, 53.45]",36.483,60.0,"[42.2, 0.0, 91.15, 106.85, 28.867]",false,2591.81,2632.293,0.0,2692.293,34
1644,4,0,"[61.033, 27.917, 119.667]",27.917,60.0,"[38.483, 0.0, 100.733]",false,2606.56,2638.477,0.0,2698.477,30
663,2,0,"[35.783, 61.2, 32.6]",32.6,60.0,"[54.4, 82.633, 0.0]",false,2610.4700000000003,2647.07,0.0,2707.07,18
7616,10,0,"[56.917, 103.117, 19.4, 75.217, 21.75, 91.183]",19.4,60.0,"[64.0, 92.167, 0.0, 82.183, 37.467, 98.867]",false,2617.2799999999997,2640.68,0.0,2700.68,89
2839,6,1,"[38.033, 76.217]",38.033,60.0,"[0.0, 46.183]",false,2639.6,2681.633,0.0,2741.633,45
4197,8,0,"[55.0, 35.467, 60.567, 15.667, 80.467]",15.667,60.0,"[61.883, 39.417, 62.75, 0.0, 83.917]",false,2639.98,2659.647,0.0,2719.647,76
7617,10,1,"[47.567, 94.85, 49.7, 57.933, 21.217, 82.933]",21.217,60.0,"[41.15, 87.533, 35.583, 59.35, 0.0, 76.033]",false,2643.0,2668.217,0.0,2728.217,91
2004,5,0,"[30.517, 35.55, 68.333, 83.6, 12.133]",12.133,60.0,"[29.567, 27.383, 76.7, 92.4, 0.0]",false,2647.84,2663.973,0.0,2723.973,38
3075,7,0,"[69.183, 109.983, 18.65, 106.167, 83.383, 41.783]",18.65,60.0,"[59.283, 100.35, 0.0, 102.117, 75.633, 34.183]",false,2652.13,2674.78,0.0,2734.78,52
7618,10,1,"[20.683, 53.117, 54.667, 34.65, 42.933, 50.633]",20.683,60.0,"[0.0, 54.933, 65.05, 25.3, 41.033, 40.917]",false,2660.25,2684.933,2765.616,2765.616,86
1076,3,0,"[59.983, 48.517, 71.05, 80.317, 88.117]",48.517,60.0,"[38.333, 0.0, 68.967, 33.817, 62.533]",false,2666.5,2719.017,0.0,2779.017,21
3076,7,0,"[41.3, 53.583, 55.883, 77.5, 51.267, 28.4]",28.4,60.0,"[39.85, 77.517, 31.517, 82.683, 56.2, 0.0]",false,2678.46,2710.86,0.0,2770.86,60
4198,8,1,"[37.55, 56.683, 68.617, 85.167, 22.783]",22.783,60.0,"[41.0, 55.25, 63.75, 82.133, 0.0]",false,2678.84,2705.623,2788.406,2788.406,77
6658,9,1,"[34.5, 17.717]",17.717,60.0,"[42.35, 0.0]",false,2688.87,2710.587,2788.304,2788.304,82
4199,8,0,"[48.983, 29.45, 54.55, 22.283, 74.433]",22.283,60.0,"[61.883, 39.417, 62.75, 0.0, 83.917]",false,2724.51,2750.793,0.0,2810.793,76
4200,8,0,"[24.85, 13.833, 29.783, 42.317, 50.317]",13.833,60.0,"[33.4, 0.0, 34.267, 37.15, 55.433]",false,2749.3900000000003,2767.2230000000004,0.0,2827.2230000000004,72
3077,7,1,"[30.467, 71.25, 40.35, 73.517, 47.267, 20.917]",20.917,60.0,"[39.85, 77.517, 31.517, 82.683, 56.2, 0.0]",false,2749.51,2774.427,0.0,2834.427,61
4201,8,0,"[28.183, 19.067, 29.367, 47.55, 53.633]",19.067,60.0,"[33.4, 0.0, 34.267, 37.15, 55.433]",false,2763.67,2786.737,0.0,2846.737,73
4202,8,0,"[35.467, 50.733, 50.2, 79.217, 41.05]",35.467,60.0,"[0.0, 29.783, 44.683, 56.683, 40.533]",false,2766.1400000000003,2785.3069140130315,0.0,2858.4738280260626,1001
24,1,0,"[24.567, 40.5, 55.9, 19.783, 41.633]",19.783,60.0,"[18.617, 29.283, 44.167, 0.0, 39.4]",false,2789.8599999999997,2813.6429999999996,0.0,2873.6429999999996,7
6659,9,0,"[47.2, 30.783]",30.783,60.0,"[42.35, 0.0]",false,2807.65,2842.433,0.0,2902.433,82
4203,8,0,"[38.683, 30.6, 13.117, 59.083, 56.167]",13.117,60.0,"[47.733, 35.35, 0.0, 62.25, 63.933]",false,2825.16,2842.277,0.0,2902.277,74
6660,9,0,"[16.2, 41.65]",16.2,60.0,"[0.0, 44.55]",false,2833.8199999999997,2854.0199999999995,0.0,2914.0199999999995,79
3078,7,0,"[48.283, 73.65, 40.067, 91.333, 65.083, 14.95]",14.95,60.0,"[39.85, 77.517, 31.517, 82.683, 56.2, 0.0]",false,2837.4300000000003,2856.38,0.0,2916.38,60
2005,5,1,"[35.05, 40.65, 92.533, 107.8, 27.717]",27.717,60.0,"[29.567, 27.383, 76.7, 92.4, 0.0]",false,2839.8,2871.5170000000003,2959.2340000000004,2959.2340000000004,38
2006,5,0,"[97.55, 127.783, 49.083, 34.617, 113.317]",34.617,60.0,"[96.55, 107.233, 39.25, 0.0, 90.7]",false,2847.12,2885.737,0.0,2945.737,37
3079,7,0,"[62.383, 67.483, 113.817, 17.467, 42.383, 94.383]",17.467,60.0,"[49.817, 67.1, 101.967, 0.0, 31.067, 85.433]",false,2856.09,2877.5570000000002,0.0,2937.5570000000002,55
1077,3,1,"[22.95, 50.817, 49.45, 44.917, 29.217]",22.95,60.0,"[0.0, 40.067, 38.583, 38.333, 36.683]",false,2860.4,2887.35,2970.2999999999997,2970.2999999999997,19
2007,5,0,"[4.417, 40.267, 75.067, 92.983, 27.617]",4.417,60.0,"[0.0, 41.8, 78.517, 96.25, 31.5]",false,2877.3199999999997,2885.7369999999996,0.0,2945.7369999999996,33
4204,8,0,"[40.917, 30.5, 4.55, 58.983, 62.583]",4.55,60.0,"[47.733, 35.35, 0.0, 62.25, 63.933]",false,2919.93,2928.48,0.0,2988.48,74
3080,7,0,"[39.4, 56.783, 90.833, 18.9, 19.4, 71.4]",18.9,60.0,"[49.817, 67.1, 101.967, 0.0, 31.067, 85.433]",false,2923.14,2946.04,0.0,3006.04,56
6661,9,0,"[9.167, 42.967]",9.167,60.0,"[0.0, 44.55]",false,2935.42,2948.587,0.0,3008.587,79
3081,7,0,"[53.35, 28.483, 83.0, 65.567, 53.0, 55.517]",28.483,60.0,"[57.933, 0.0, 99.7, 66.367, 50.483, 74.033]",false,2942.57,2975.0530000000003,0.0,3035.0530000000003,50
664,2,0,"[43.067, 72.0, 28.0]",28.0,60.0,"[54.4, 82.633, 0.0]",false,2982.32,3014.32,0.0,3074.32,18
7619,10,0,"[17.767, 41.433, 75.1, 29.55, 52.267, 38.283]",17.767,60.0,"[0.0, 54.933, 65.05, 25.3, 41.033, 40.917]",false,2992.38,3014.147,0.0,3074.147,86
1078,3,0,"[38.45, 20.033, 64.133, 51.85, 67.033]",20.033,60.0,"[38.333, 0.0, 68.967, 33.817, 62.533]",false,2999.14,3023.173,0.0,3083.173,21
